[
  {
    "pk": 1, 
    "model": "volunteering.session", 
    "fields": {
      "due_date": "2009-11-11", 
      "completed_application": "do things", 
      "close_email": "do things", 
      "email_sent": 1, 
      "en_instructions": "do things", 
      "close_date": "2009-11-11", 
      "rejection_email": "do things", 
      "open_date": "2009-11-11", 
      "fr_instructions": "do things", 
      "name": "Winter session"
    }
  }, 
  {
    "pk": 1, 
    "model": "volunteering.application", 
    "fields": {
      "profile": 303, 
      "en_speaking": null, 
      "resume_attachment": "", 
      "en_writing": null, 
      "fr_reading": null, 
      "schooling": "", 
      "fr_speaking": null, 
      "gpa": null, 
      "session": 1, 
      "references": "", 
      "fr_writing": null, 
      "en_reading": null, 
      "resume_text": ""
    }
  }, 
  {
    "pk": 1, 
    "model": "volunteering.sector", 
    "fields": {
      "abbreviation": "AEPHA", 
      "name": "Approvisionnement en Eau Potable Hygi\u00c3\u00a8ne et Assainissement"
    }
  }, 
  {
    "pk": 2, 
    "model": "volunteering.sector", 
    "fields": {
      "abbreviation": "AVC", 
      "name": "Agriculture Value Chains"
    }
  }, 
  {
    "pk": 3, 
    "model": "volunteering.sector", 
    "fields": {
      "abbreviation": "ERA", 
      "name": "Entreprise Rurale Agricole"
    }
  }, 
  {
    "pk": 4, 
    "model": "volunteering.sector", 
    "fields": {
      "abbreviation": "G&RI", 
      "name": "Governance and Rural Infrastructure"
    }
  }, 
  {
    "pk": 5, 
    "model": "volunteering.sector", 
    "fields": {
      "abbreviation": "MoFA", 
      "name": "Ministry of Food and Agriculture"
    }
  }, 
  {
    "pk": 7, 
    "model": "volunteering.sector", 
    "fields": {
      "abbreviation": "Wat/San", 
      "name": "Water and Sanitation"
    }
  }, 
  {
    "pk": 110, 
    "model": "volunteering.placement", 
    "fields": {
      "town": "Lusaka", 
      "sector": 2, 
      "coach": null, 
      "end_date": "2009-08-01", 
      "flight_request_made": 1, 
      "deleted": 0, 
      "country": "ZM", 
      "longterm": 0, 
      "profile": 302, 
      "start_date": "2007-08-02"
    }
  }, 
  {
    "pk": 111, 
    "model": "volunteering.placement", 
    "fields": {
      "town": "Tamale", 
      "sector": 5, 
      "coach": null, 
      "end_date": null, 
      "flight_request_made": 1, 
      "deleted": 0, 
      "country": "GH", 
      "longterm": 0, 
      "profile": 303, 
      "start_date": "2009-09-01"
    }
  }, 
  {
    "pk": 112, 
    "model": "volunteering.placement", 
    "fields": {
      "town": "Lilongwe", 
      "sector": 2, 
      "coach": null, 
      "end_date": "2009-08-01", 
      "flight_request_made": 1, 
      "deleted": 0, 
      "country": "MW", 
      "longterm": 0, 
      "profile": 304, 
      "start_date": "2008-07-23"
    }
  }, 
  {
    "pk": 113, 
    "model": "volunteering.placement", 
    "fields": {
      "town": "Lilongwe", 
      "sector": 7, 
      "coach": null, 
      "end_date": "2010-03-01", 
      "flight_request_made": 1, 
      "deleted": 0, 
      "country": "MW", 
      "longterm": 0, 
      "profile": 305, 
      "start_date": "2008-02-22"
    }
  }, 
  {
    "pk": 114, 
    "model": "volunteering.placement", 
    "fields": {
      "town": "Bobo", 
      "sector": 3, 
      "coach": null, 
      "end_date": null, 
      "flight_request_made": 1, 
      "deleted": 0, 
      "country": "BF", 
      "longterm": 0, 
      "profile": 306, 
      "start_date": "2009-09-01"
    }
  }, 
  {
    "pk": 115, 
    "model": "volunteering.placement", 
    "fields": {
      "town": "Tamale", 
      "sector": null, 
      "coach": null, 
      "end_date": null, 
      "flight_request_made": 1, 
      "deleted": 0, 
      "country": "GH", 
      "longterm": 0, 
      "profile": 307, 
      "start_date": null
    }
  }, 
  {
    "pk": 116, 
    "model": "volunteering.placement", 
    "fields": {
      "town": "Bolga", 
      "sector": 5, 
      "coach": null, 
      "end_date": "2010-03-01", 
      "flight_request_made": 1, 
      "deleted": 0, 
      "country": "GH", 
      "longterm": 0, 
      "profile": 308, 
      "start_date": "2009-03-01"
    }
  }, 
  {
    "pk": 117, 
    "model": "volunteering.placement", 
    "fields": {
      "town": "Accra", 
      "sector": 2, 
      "coach": null, 
      "end_date": "2009-12-15", 
      "flight_request_made": 1, 
      "deleted": 0, 
      "country": "MW", 
      "longterm": 0, 
      "profile": 309, 
      "start_date": "2008-11-15"
    }
  }, 
  {
    "pk": 118, 
    "model": "volunteering.placement", 
    "fields": {
      "town": "Tamale", 
      "sector": 5, 
      "coach": null, 
      "end_date": null, 
      "flight_request_made": 1, 
      "deleted": 0, 
      "country": "GH", 
      "longterm": 0, 
      "profile": 310, 
      "start_date": "2009-09-01"
    }
  }, 
  {
    "pk": 119, 
    "model": "volunteering.placement", 
    "fields": {
      "town": "Tamale", 
      "sector": 4, 
      "coach": null, 
      "end_date": "2010-03-01", 
      "flight_request_made": 1, 
      "deleted": 0, 
      "country": "GH", 
      "longterm": 0, 
      "profile": 311, 
      "start_date": "2009-03-01"
    }
  }, 
  {
    "pk": 120, 
    "model": "volunteering.placement", 
    "fields": {
      "town": "Tamale", 
      "sector": 5, 
      "coach": null, 
      "end_date": "2010-01-09", 
      "flight_request_made": 1, 
      "deleted": 0, 
      "country": "GH", 
      "longterm": 0, 
      "profile": 312, 
      "start_date": "2008-01-09"
    }
  }, 
  {
    "pk": 121, 
    "model": "volunteering.placement", 
    "fields": {
      "town": "Lusaka", 
      "sector": 2, 
      "coach": null, 
      "end_date": "2010-03-01", 
      "flight_request_made": 1, 
      "deleted": 0, 
      "country": "ZM", 
      "longterm": 0, 
      "profile": 313, 
      "start_date": "2008-02-22"
    }
  }, 
  {
    "pk": 122, 
    "model": "volunteering.placement", 
    "fields": {
      "town": "Lusaka", 
      "sector": 2, 
      "coach": null, 
      "end_date": "2010-03-01", 
      "flight_request_made": 1, 
      "deleted": 0, 
      "country": "ZM", 
      "longterm": 0, 
      "profile": 314, 
      "start_date": "2008-02-22"
    }
  }, 
  {
    "pk": 123, 
    "model": "volunteering.placement", 
    "fields": {
      "town": "Lilongwe", 
      "sector": 7, 
      "coach": null, 
      "end_date": "2009-12-15", 
      "flight_request_made": 1, 
      "deleted": 0, 
      "country": "MW", 
      "longterm": 0, 
      "profile": 315, 
      "start_date": "2008-11-15"
    }
  }, 
  {
    "pk": 124, 
    "model": "volunteering.placement", 
    "fields": {
      "town": "Lilongwe", 
      "sector": 7, 
      "coach": null, 
      "end_date": "2009-12-15", 
      "flight_request_made": 1, 
      "deleted": 0, 
      "country": "MW", 
      "longterm": 0, 
      "profile": 316, 
      "start_date": "2008-11-15"
    }
  }, 
  {
    "pk": 125, 
    "model": "volunteering.placement", 
    "fields": {
      "town": "Lusaka", 
      "sector": 2, 
      "coach": null, 
      "end_date": null, 
      "flight_request_made": 1, 
      "deleted": 0, 
      "country": "ZM", 
      "longterm": 0, 
      "profile": 317, 
      "start_date": "2009-09-01"
    }
  }, 
  {
    "pk": 126, 
    "model": "volunteering.placement", 
    "fields": {
      "town": "Lilongwe", 
      "sector": 2, 
      "coach": null, 
      "end_date": "2010-03-01", 
      "flight_request_made": 1, 
      "deleted": 0, 
      "country": "MW", 
      "longterm": 0, 
      "profile": 318, 
      "start_date": "2008-02-22"
    }
  }, 
  {
    "pk": 127, 
    "model": "volunteering.placement", 
    "fields": {
      "town": "Tamale", 
      "sector": 5, 
      "coach": null, 
      "end_date": "2009-12-15", 
      "flight_request_made": 1, 
      "deleted": 0, 
      "country": "GH", 
      "longterm": 0, 
      "profile": 319, 
      "start_date": "2008-11-15"
    }
  }, 
  {
    "pk": 128, 
    "model": "volunteering.placement", 
    "fields": {
      "town": "Tamale", 
      "sector": 4, 
      "coach": null, 
      "end_date": "2009-12-15", 
      "flight_request_made": 1, 
      "deleted": 0, 
      "country": "GH", 
      "longterm": 0, 
      "profile": 320, 
      "start_date": "2008-11-15"
    }
  }, 
  {
    "pk": 129, 
    "model": "volunteering.placement", 
    "fields": {
      "town": "Bobo", 
      "sector": 3, 
      "coach": null, 
      "end_date": null, 
      "flight_request_made": 1, 
      "deleted": 0, 
      "country": "BF", 
      "longterm": 0, 
      "profile": 321, 
      "start_date": "2009-09-01"
    }
  }, 
  {
    "pk": 130, 
    "model": "volunteering.placement", 
    "fields": {
      "town": "Lilongwe", 
      "sector": 7, 
      "coach": null, 
      "end_date": "2010-03-01", 
      "flight_request_made": 1, 
      "deleted": 0, 
      "country": "MW", 
      "longterm": 0, 
      "profile": 322, 
      "start_date": "2008-02-22"
    }
  }, 
  {
    "pk": 131, 
    "model": "volunteering.placement", 
    "fields": {
      "town": "Lilongwe", 
      "sector": 7, 
      "coach": null, 
      "end_date": "2009-12-15", 
      "flight_request_made": 1, 
      "deleted": 0, 
      "country": "MW", 
      "longterm": 0, 
      "profile": 323, 
      "start_date": "2008-11-15"
    }
  }, 
  {
    "pk": 132, 
    "model": "volunteering.placement", 
    "fields": {
      "town": "Lilongwe", 
      "sector": 7, 
      "coach": null, 
      "end_date": "2010-03-01", 
      "flight_request_made": 1, 
      "deleted": 0, 
      "country": "MW", 
      "longterm": 0, 
      "profile": 324, 
      "start_date": "2009-03-01"
    }
  }, 
  {
    "pk": 133, 
    "model": "volunteering.placement", 
    "fields": {
      "town": "Lilongwe", 
      "sector": 2, 
      "coach": null, 
      "end_date": "2010-03-01", 
      "flight_request_made": 1, 
      "deleted": 0, 
      "country": "MW", 
      "longterm": 0, 
      "profile": 325, 
      "start_date": "2009-03-01"
    }
  }, 
  {
    "pk": 134, 
    "model": "volunteering.placement", 
    "fields": {
      "town": "Lilongwe", 
      "sector": 7, 
      "coach": null, 
      "end_date": null, 
      "flight_request_made": 1, 
      "deleted": 0, 
      "country": "MW", 
      "longterm": 0, 
      "profile": 326, 
      "start_date": null
    }
  }, 
  {
    "pk": 135, 
    "model": "volunteering.placement", 
    "fields": {
      "town": "Bolgatanga", 
      "sector": 5, 
      "coach": null, 
      "end_date": null, 
      "flight_request_made": 1, 
      "deleted": 0, 
      "country": "GH", 
      "longterm": 0, 
      "profile": 327, 
      "start_date": "2009-09-01"
    }
  }, 
  {
    "pk": 136, 
    "model": "volunteering.placement", 
    "fields": {
      "town": "Tamale", 
      "sector": 4, 
      "coach": null, 
      "end_date": "2010-03-01", 
      "flight_request_made": 1, 
      "deleted": 0, 
      "country": "GH", 
      "longterm": 0, 
      "profile": 328, 
      "start_date": "2009-03-01"
    }
  }, 
  {
    "pk": 137, 
    "model": "volunteering.placement", 
    "fields": {
      "town": "Ouaga", 
      "sector": 3, 
      "coach": null, 
      "end_date": null, 
      "flight_request_made": 1, 
      "deleted": 0, 
      "country": "BF", 
      "longterm": 0, 
      "profile": 329, 
      "start_date": null
    }
  }, 
  {
    "pk": 138, 
    "model": "volunteering.placement", 
    "fields": {
      "town": "", 
      "sector": null, 
      "coach": null, 
      "end_date": null, 
      "flight_request_made": 1, 
      "deleted": 0, 
      "country": "GH", 
      "longterm": 0, 
      "profile": 330, 
      "start_date": null
    }
  }, 
  {
    "pk": 26, 
    "model": "volunteering.stipend", 
    "fields": {
      "profile": 303, 
      "repatriation_paid_quarter": null, 
      "repatriation_accrued_quarter": "0.00", 
      "placement": 111, 
      "notes": null, 
      "repatriation_notes": null, 
      "daily_rate": "12.00", 
      "repatriation_paid_total": "0.00", 
      "repatriation_accrued_total": null, 
      "responsible_person": null, 
      "adjustment": "500.00"
    }
  }, 
  {
    "pk": 27, 
    "model": "volunteering.stipend", 
    "fields": {
      "profile": 305, 
      "repatriation_paid_quarter": null, 
      "repatriation_accrued_quarter": "0.00", 
      "placement": 113, 
      "notes": null, 
      "repatriation_notes": null, 
      "daily_rate": "19.00", 
      "repatriation_paid_total": "0.00", 
      "repatriation_accrued_total": null, 
      "responsible_person": null, 
      "adjustment": null
    }
  }, 
  {
    "pk": 28, 
    "model": "volunteering.stipend", 
    "fields": {
      "profile": 306, 
      "repatriation_paid_quarter": null, 
      "repatriation_accrued_quarter": "0.00", 
      "placement": 114, 
      "notes": null, 
      "repatriation_notes": null, 
      "daily_rate": "11.50", 
      "repatriation_paid_total": "0.00", 
      "repatriation_accrued_total": null, 
      "responsible_person": null, 
      "adjustment": "500.00"
    }
  }, 
  {
    "pk": 29, 
    "model": "volunteering.stipend", 
    "fields": {
      "profile": 307, 
      "repatriation_paid_quarter": null, 
      "repatriation_accrued_quarter": "0.00", 
      "placement": 115, 
      "notes": null, 
      "repatriation_notes": null, 
      "daily_rate": "12.00", 
      "repatriation_paid_total": "0.00", 
      "repatriation_accrued_total": null, 
      "responsible_person": null, 
      "adjustment": null
    }
  }, 
  {
    "pk": 30, 
    "model": "volunteering.stipend", 
    "fields": {
      "profile": 308, 
      "repatriation_paid_quarter": null, 
      "repatriation_accrued_quarter": "0.00", 
      "placement": 116, 
      "notes": null, 
      "repatriation_notes": null, 
      "daily_rate": "12.00", 
      "repatriation_paid_total": "0.00", 
      "repatriation_accrued_total": null, 
      "responsible_person": null, 
      "adjustment": null
    }
  }, 
  {
    "pk": 31, 
    "model": "volunteering.stipend", 
    "fields": {
      "profile": 309, 
      "repatriation_paid_quarter": null, 
      "repatriation_accrued_quarter": "0.00", 
      "placement": 117, 
      "notes": null, 
      "repatriation_notes": null, 
      "daily_rate": "19.00", 
      "repatriation_paid_total": "0.00", 
      "repatriation_accrued_total": null, 
      "responsible_person": null, 
      "adjustment": null
    }
  }, 
  {
    "pk": 32, 
    "model": "volunteering.stipend", 
    "fields": {
      "profile": 310, 
      "repatriation_paid_quarter": null, 
      "repatriation_accrued_quarter": "0.00", 
      "placement": 118, 
      "notes": null, 
      "repatriation_notes": null, 
      "daily_rate": "12.00", 
      "repatriation_paid_total": "0.00", 
      "repatriation_accrued_total": null, 
      "responsible_person": null, 
      "adjustment": "500.00"
    }
  }, 
  {
    "pk": 33, 
    "model": "volunteering.stipend", 
    "fields": {
      "profile": 311, 
      "repatriation_paid_quarter": null, 
      "repatriation_accrued_quarter": "0.00", 
      "placement": 119, 
      "notes": null, 
      "repatriation_notes": null, 
      "daily_rate": "12.00", 
      "repatriation_paid_total": "0.00", 
      "repatriation_accrued_total": null, 
      "responsible_person": null, 
      "adjustment": null
    }
  }, 
  {
    "pk": 34, 
    "model": "volunteering.stipend", 
    "fields": {
      "profile": 312, 
      "repatriation_paid_quarter": null, 
      "repatriation_accrued_quarter": "0.00", 
      "placement": 120, 
      "notes": null, 
      "repatriation_notes": null, 
      "daily_rate": "11.00", 
      "repatriation_paid_total": "0.00", 
      "repatriation_accrued_total": null, 
      "responsible_person": null, 
      "adjustment": null
    }
  }, 
  {
    "pk": 35, 
    "model": "volunteering.stipend", 
    "fields": {
      "profile": 313, 
      "repatriation_paid_quarter": null, 
      "repatriation_accrued_quarter": "0.00", 
      "placement": 121, 
      "notes": null, 
      "repatriation_notes": null, 
      "daily_rate": "17.00", 
      "repatriation_paid_total": "0.00", 
      "repatriation_accrued_total": null, 
      "responsible_person": null, 
      "adjustment": null
    }
  }, 
  {
    "pk": 36, 
    "model": "volunteering.stipend", 
    "fields": {
      "profile": 314, 
      "repatriation_paid_quarter": null, 
      "repatriation_accrued_quarter": "0.00", 
      "placement": 122, 
      "notes": null, 
      "repatriation_notes": null, 
      "daily_rate": "19.00", 
      "repatriation_paid_total": "0.00", 
      "repatriation_accrued_total": null, 
      "responsible_person": null, 
      "adjustment": null
    }
  }, 
  {
    "pk": 37, 
    "model": "volunteering.stipend", 
    "fields": {
      "profile": 317, 
      "repatriation_paid_quarter": null, 
      "repatriation_accrued_quarter": "0.00", 
      "placement": 125, 
      "notes": null, 
      "repatriation_notes": null, 
      "daily_rate": "16.00", 
      "repatriation_paid_total": "0.00", 
      "repatriation_accrued_total": null, 
      "responsible_person": null, 
      "adjustment": "500.00"
    }
  }, 
  {
    "pk": 38, 
    "model": "volunteering.stipend", 
    "fields": {
      "profile": 318, 
      "repatriation_paid_quarter": null, 
      "repatriation_accrued_quarter": "0.00", 
      "placement": 126, 
      "notes": null, 
      "repatriation_notes": null, 
      "daily_rate": "19.00", 
      "repatriation_paid_total": "0.00", 
      "repatriation_accrued_total": null, 
      "responsible_person": null, 
      "adjustment": null
    }
  }, 
  {
    "pk": 39, 
    "model": "volunteering.stipend", 
    "fields": {
      "profile": 319, 
      "repatriation_paid_quarter": null, 
      "repatriation_accrued_quarter": "0.00", 
      "placement": 127, 
      "notes": null, 
      "repatriation_notes": null, 
      "daily_rate": "14.00", 
      "repatriation_paid_total": "0.00", 
      "repatriation_accrued_total": null, 
      "responsible_person": null, 
      "adjustment": null
    }
  }, 
  {
    "pk": 40, 
    "model": "volunteering.stipend", 
    "fields": {
      "profile": 322, 
      "repatriation_paid_quarter": null, 
      "repatriation_accrued_quarter": "0.00", 
      "placement": 130, 
      "notes": null, 
      "repatriation_notes": null, 
      "daily_rate": "19.00", 
      "repatriation_paid_total": "0.00", 
      "repatriation_accrued_total": null, 
      "responsible_person": null, 
      "adjustment": null
    }
  }, 
  {
    "pk": 41, 
    "model": "volunteering.stipend", 
    "fields": {
      "profile": 323, 
      "repatriation_paid_quarter": null, 
      "repatriation_accrued_quarter": "0.00", 
      "placement": 131, 
      "notes": null, 
      "repatriation_notes": null, 
      "daily_rate": "19.00", 
      "repatriation_paid_total": "0.00", 
      "repatriation_accrued_total": null, 
      "responsible_person": null, 
      "adjustment": null
    }
  }, 
  {
    "pk": 42, 
    "model": "volunteering.stipend", 
    "fields": {
      "profile": 324, 
      "repatriation_paid_quarter": null, 
      "repatriation_accrued_quarter": "0.00", 
      "placement": 132, 
      "notes": null, 
      "repatriation_notes": null, 
      "daily_rate": "19.00", 
      "repatriation_paid_total": "0.00", 
      "repatriation_accrued_total": null, 
      "responsible_person": null, 
      "adjustment": null
    }
  }, 
  {
    "pk": 43, 
    "model": "volunteering.stipend", 
    "fields": {
      "profile": 325, 
      "repatriation_paid_quarter": null, 
      "repatriation_accrued_quarter": "0.00", 
      "placement": 133, 
      "notes": null, 
      "repatriation_notes": null, 
      "daily_rate": "19.00", 
      "repatriation_paid_total": "0.00", 
      "repatriation_accrued_total": null, 
      "responsible_person": null, 
      "adjustment": null
    }
  }, 
  {
    "pk": 44, 
    "model": "volunteering.stipend", 
    "fields": {
      "profile": 327, 
      "repatriation_paid_quarter": null, 
      "repatriation_accrued_quarter": "0.00", 
      "placement": 135, 
      "notes": null, 
      "repatriation_notes": null, 
      "daily_rate": "12.00", 
      "repatriation_paid_total": "0.00", 
      "repatriation_accrued_total": null, 
      "responsible_person": null, 
      "adjustment": "500.00"
    }
  }, 
  {
    "pk": 45, 
    "model": "volunteering.stipend", 
    "fields": {
      "profile": 328, 
      "repatriation_paid_quarter": null, 
      "repatriation_accrued_quarter": "0.00", 
      "placement": 136, 
      "notes": null, 
      "repatriation_notes": null, 
      "daily_rate": "12.00", 
      "repatriation_paid_total": "0.00", 
      "repatriation_accrued_total": null, 
      "responsible_person": null, 
      "adjustment": null
    }
  }, 
  {
    "pk": 46, 
    "model": "volunteering.stipend", 
    "fields": {
      "profile": 329, 
      "repatriation_paid_quarter": null, 
      "repatriation_accrued_quarter": null, 
      "placement": 137, 
      "notes": null, 
      "repatriation_notes": null, 
      "daily_rate": "11.00", 
      "repatriation_paid_total": null, 
      "repatriation_accrued_total": null, 
      "responsible_person": null, 
      "adjustment": null
    }
  }, 
  {
    "pk": 47, 
    "model": "volunteering.stipend", 
    "fields": {
      "profile": 330, 
      "repatriation_paid_quarter": null, 
      "repatriation_accrued_quarter": null, 
      "placement": 138, 
      "notes": null, 
      "repatriation_notes": null, 
      "daily_rate": "11.00", 
      "repatriation_paid_total": null, 
      "repatriation_accrued_total": null, 
      "responsible_person": null, 
      "adjustment": null
    }
  }, 
  {
    "pk": 1, 
    "model": "volunteering.insuranceinstance", 
    "fields": {
      "placement": 111, 
      "end_date": "2009-11-19", 
      "certificate_number": "99999", 
      "price": "100.00", 
      "policy_number": "78787", 
      "insurance_company": 5, 
      "start_date": "2009-11-17"
    }
  }, 
  {
    "pk": 1, 
    "model": "volunteering.travelsegment", 
    "fields": {
      "profile": 305, 
      "start_date_time": "2009-11-10 15:25:25", 
      "placement": 113, 
      "payment_method": "aeroplan", 
      "notes": "foo", 
      "purpose": "conference", 
      "end_date_time": "2009-11-10 15:25:26", 
      "start_location": "Walla Walla", 
      "end_location": "Bora Bora", 
      "booking_code": "12345"
    }
  }, 
  {
    "pk": 2, 
    "model": "volunteering.casestudy", 
    "fields": {
      "html": "blah blah", 
      "name": "fish"
    }
  }, 
  {
    "pk": 3, 
    "model": "volunteering.casestudy", 
    "fields": {
      "html": "blah blah", 
      "name": "fish2"
    }
  }, 
  {
    "pk": 4, 
    "model": "volunteering.casestudy", 
    "fields": {
      "html": "blah blah2222", 
      "name": "fish3"
    }
  }, 
  {
    "pk": 5, 
    "model": "volunteering.casestudy", 
    "fields": {
      "html": "lalal", 
      "name": "Hard case"
    }
  }, 
  {
    "pk": 1, 
    "model": "volunteering.casestudy", 
    "fields": {
      "html": "blah blah", 
      "name": "rainforest"
    }
  }, 
  {
    "pk": 1, 
    "model": "volunteering.sendinggroup", 
    "fields": {
      "season": "Winter", 
      "group_type": "LT", 
      "year": 2007
    }
  }, 
  {
    "pk": 4, 
    "model": "volunteering.sendinggroup", 
    "fields": {
      "season": "Spring", 
      "group_type": "LT", 
      "year": 2006
    }
  }
]
